{
    "Image": "https://raw.githubusercontent.com/PokeAPI/sprites/master/sprites/pokemon/132.png",
    "Id": 132,
    "Nombre": "ditto",
    "Altura": 3,
    "Experiencia Base": 101,
    "Peso": 40,
    "Especie": "ditto",
    "Tipo": "normal",
    "Hp": 48,
    "Ataque": 48,
    "Defensa": 48,
    "Ataque especial": 48,
    "Defensa Especial": 48,
    "Velocidad": 48,
    "Movimientos": [
        "mega-punch",
        "pay-day",
        "thunder-punch",
        "slam",
        "double-kick",
        "mega-kick",
        "headbutt",
        "body-slam",
        "take-down",
        "double-edge",
        "tail-whip",
        "growl",
        "surf",
        "submission",
        "counter",
        "seismic-toss",
        "strength",
        "thunder-shock",
        "thunderbolt",
        "thunder-wave",
        "thunder",
        "dig",
        "toxic",
        "agility",
        "quick-attack",
        "rage",
        "mimic",
        "double-team",
        "defense-curl",
        "light-screen",
        "reflect",
        "bide",
        "swift",
        "skull-bash",
        "flash",
        "rest",
        "substitute",
        "thief",
        "snore",
        "curse",
        "reversal",
        "protect",
        "sweet-kiss",
        "mud-slap",
        "zap-cannon",
        "detect",
        "endure",
        "charm",
        "rollout",
        "swagger",
        "spark",
        "attract",
        "sleep-talk",
        "return",
        "frustration",
        "dynamic-punch",
        "encore",
        "iron-tail",
        "hidden-power",
        "rain-dance",
        "rock-smash",
        "uproar",
        "facade",
        "focus-punch",
        "charge",
        "helping-hand",
        "brick-break",
        "knock-off",
        "endeavor",
        "secret-power",
        "fake-tears",
        "signal-beam",
        "covet",
        "volt-tackle",
        "calm-mind",
        "shock-wave",
        "natural-gift",
        "feint",
        "fling",
        "magnet-rise",
        "nasty-plot",
        "discharge",
        "captivate",
        "grass-knot",
        "charge-beam",
        "electro-ball",
        "round",
        "echoed-voice",
        "volt-switch",
        "electroweb",
        "wild-charge",
        "disarming-voice",
        "draining-kiss",
        "play-rough",
        "play-nice",
        "confide",
        "eerie-impulse",
        "electric-terrain",
        "nuzzle",
        "laser-focus",
        "rising-voltage",
        "tera-blast",
        "trailblaze",
        "alluring-voice",
        "upper-hand",
        "transform"
    ]
}