{
    "Image": "https://raw.githubusercontent.com/PokeAPI/sprites/master/sprites/pokemon/6.png",
    "Id": 6,
    "Nombre": "charizard",
    "Altura": 17,
    "Experiencia Base": 267,
    "Peso": 905,
    "Especie": "charizard",
    "Tipo": "fire",
    "Hp": 78,
    "Ataque": 84,
    "Defensa": 78,
    "Ataque especial": 109,
    "Defensa Especial": 85,
    "Velocidad": 100,
    "Movimientos": [
        "mega-punch",
        "fire-punch",
        "thunder-punch",
        "scratch",
        "swords-dance",
        "cut",
        "wing-attack",
        "fly",
        "mega-kick",
        "headbutt",
        "body-slam",
        "take-down",
        "double-edge",
        "leer",
        "bite",
        "growl",
        "roar",
        "ember",
        "flamethrower",
        "hyper-beam",
        "submission",
        "counter",
        "seismic-toss",
        "strength",
        "solar-beam",
        "dragon-rage",
        "fire-spin",
        "earthquake",
        "fissure",
        "dig",
        "toxic",
        "rage",
        "mimic",
        "double-team",
        "smokescreen",
        "defense-curl",
        "reflect",
        "bide",
        "fire-blast",
        "swift",
        "skull-bash",
        "fury-swipes",
        "rest",
        "rock-slide",
        "slash",
        "substitute",
        "snore",
        "curse",
        "protect",
        "scary-face",
        "belly-drum",
        "mud-slap",
        "outrage",
        "sandstorm",
        "endure",
        "false-swipe",
        "swagger",
        "fury-cutter",
        "steel-wing",
        "attract",
        "sleep-talk",
        "return",
        "frustration",
        "dynamic-punch",
        "dragon-breath",
        "iron-tail",
        "metal-claw",
        "hidden-power",
        "twister",
        "sunny-day",
        "crunch",
        "ancient-power",
        "rock-smash",
        "beat-up",
        "heat-wave",
        "will-o-wisp",
        "facade",
        "focus-punch",
        "helping-hand",
        "brick-break",
        "secret-power",
        "blaze-kick",
        "blast-burn",
        "weather-ball",
        "air-cutter",
        "overheat",
        "rock-tomb",
        "aerial-ace",
        "dragon-claw",
        "dragon-dance",
        "roost",
        "natural-gift",
        "tailwind",
        "fling",
        "flare-blitz",
        "air-slash",
        "dragon-pulse",
        "dragon-rush",
        "focus-blast",
        "giga-impact",
        "shadow-claw",
        "fire-fang",
        "defog",
        "captivate",
        "ominous-wind",
        "hone-claws",
        "flame-burst",
        "flame-charge",
        "round",
        "echoed-voice",
        "sky-drop",
        "incinerate",
        "acrobatics",
        "inferno",
        "fire-pledge",
        "bulldoze",
        "dragon-tail",
        "work-up",
        "heat-crash",
        "hurricane",
        "confide",
        "mystical-fire",
        "power-up-punch",
        "brutal-swing",
        "breaking-swipe",
        "scale-shot",
        "dual-wingbeat",
        "scorching-sands",
        "tera-blast",
        "dragon-cheer",
        "temper-flare"
    ]
}