{
    "Image": "https://raw.githubusercontent.com/PokeAPI/sprites/master/sprites/pokemon/19.png",
    "Id": 19,
    "Nombre": "rattata",
    "Altura": 3,
    "Experiencia Base": 51,
    "Peso": 35,
    "Especie": "rattata",
    "Tipo": "normal",
    "Hp": 30,
    "Ataque": 56,
    "Defensa": 35,
    "Ataque especial": 25,
    "Defensa Especial": 35,
    "Velocidad": 72,
    "Movimientos": [
        "mega-punch",
        "pay-day",
        "thunder-punch",
        "slam",
        "double-kick",
        "mega-kick",
        "headbutt",
        "body-slam",
        "take-down",
        "double-edge",
        "tail-whip",
        "growl",
        "surf",
        "submission",
        "counter",
        "seismic-toss",
        "strength",
        "thunder-shock",
        "thunderbolt",
        "thunder-wave",
        "thunder",
        "dig",
        "toxic",
        "agility",
        "quick-attack",
        "rage",
        "mimic",
        "double-team",
        "defense-curl",
        "light-screen",
        "reflect",
        "bide",
        "swift",
        "skull-bash",
        "flash",
        "rest",
        "substitute",
        "thief",
        "snore",
        "curse",
        "reversal",
        "protect",
        "sweet-kiss",
        "mud-slap",
        "zap-cannon",
        "detect",
        "endure",
        "charm",
        "rollout",
        "swagger",
        "spark",
        "attract",
        "sleep-talk",
        "return",
        "frustration",
        "dynamic-punch",
        "encore",
        "iron-tail",
        "hidden-power",
        "rain-dance",
        "rock-smash",
        "uproar",
        "facade",
        "focus-punch",
        "charge",
        "helping-hand",
        "brick-break",
        "knock-off",
        "endeavor",
        "secret-power",
        "fake-tears",
        "signal-beam",
        "covet",
        "volt-tackle",
        "calm-mind",
        "shock-wave",
        "natural-gift",
        "feint",
        "fling",
        "magnet-rise",
        "nasty-plot",
        "discharge",
        "captivate",
        "grass-knot",
        "charge-beam",
        "electro-ball",
        "round",
        "echoed-voice",
        "volt-switch",
        "electroweb",
        "wild-charge",
        "disarming-voice",
        "draining-kiss",
        "play-rough",
        "play-nice",
        "confide",
        "eerie-impulse",
        "electric-terrain",
        "nuzzle",
        "laser-focus",
        "rising-voltage",
        "tera-blast",
        "trailblaze",
        "alluring-voice",
        "upper-hand",
        "mega-punch",
        "ice-punch",
        "mega-kick",
        "headbutt",
        "tackle",
        "body-slam",
        "take-down",
        "double-edge",
        "tail-whip",
        "bite",
        "mist",
        "water-gun",
        "hydro-pump",
        "surf",
        "ice-beam",
        "blizzard",
        "bubble-beam",
        "submission",
        "counter",
        "seismic-toss",
        "strength",
        "dig",
        "toxic",
        "confusion",
        "rage",
        "mimic",
        "double-team",
        "withdraw",
        "defense-curl",
        "haze",
        "reflect",
        "bide",
        "waterfall",
        "skull-bash",
        "bubble",
        "rest",
        "rock-slide",
        "substitute",
        "snore",
        "curse",
        "flail",
        "protect",
        "mud-slap",
        "foresight",
        "icy-wind",
        "outrage",
        "endure",
        "rollout",
        "false-swipe",
        "swagger",
        "attract",
        "sleep-talk",
        "return",
        "frustration",
        "dynamic-punch",
        "rapid-spin",
        "iron-tail",
        "hidden-power",
        "rain-dance",
        "mirror-coat",
        "rock-smash",
        "whirlpool",
        "fake-out",
        "hail",
        "facade",
        "focus-punch",
        "follow-me",
        "helping-hand",
        "brick-break",
        "yawn",
        "refresh",
        "secret-power",
        "dive",
        "mud-sport",
        "weather-ball",
        "rock-tomb",
        "water-spout",
        "muddy-water",
        "iron-defense",
        "mud-shot",
        "water-pulse",
        "gyro-ball",
        "brine",
        "natural-gift",
        "fling",
        "aqua-ring",
        "aura-sphere",
        "aqua-tail",
        "dragon-pulse",
        "zen-headbutt",
        "captivate",
        "aqua-jet",
        "round",
        "scald",
        "shell-smash",
        "water-pledge",
        "work-up",
        "confide",
        "power-up-punch",
        "liquidation",
        "life-dew",
        "flip-turn",
        "wave-crash",
        "tera-blast",
        "ice-spinner",
        "chilling-water",
        "cut",
        "headbutt",
        "tackle",
        "body-slam",
        "take-down",
        "double-edge",
        "tail-whip",
        "bite",
        "water-gun",
        "ice-beam",
        "blizzard",
        "bubble-beam",
        "counter",
        "thunderbolt",
        "thunder-wave",
        "thunder",
        "dig",
        "toxic",
        "quick-attack",
        "rage",
        "mimic",
        "screech",
        "double-team",
        "defense-curl",
        "focus-energy",
        "bide",
        "swift",
        "skull-bash",
        "fury-swipes",
        "rest",
        "hyper-fang",
        "super-fang",
        "substitute",
        "thief",
        "flame-wheel",
        "snore",
        "curse",
        "reversal",
        "protect",
        "sludge-bomb",
        "mud-slap",
        "icy-wind",
        "endure",
        "swagger",
        "attract",
        "sleep-talk",
        "return",
        "frustration",
        "pursuit",
        "iron-tail",
        "hidden-power",
        "rain-dance",
        "sunny-day",
        "crunch",
        "shadow-ball",
        "rock-smash",
        "uproar",
        "facade",
        "taunt",
        "revenge",
        "endeavor",
        "secret-power",
        "covet",
        "shock-wave",
        "natural-gift",
        "pluck",
        "u-turn",
        "assurance",
        "me-first",
        "last-resort",
        "sucker-punch",
        "zen-headbutt",
        "captivate",
        "grass-knot",
        "charge-beam",
        "round",
        "retaliate",
        "final-gambit",
        "work-up",
        "wild-charge",
        "confide",
        "laser-focus"
    ]
}