{
    "Image": "https://raw.githubusercontent.com/PokeAPI/sprites/master/sprites/pokemon/23.png",
    "Id": 23,
    "Nombre": "ekans",
    "Altura": 20,
    "Experiencia Base": 58,
    "Peso": 69,
    "Especie": "ekans",
    "Tipo": "poison",
    "Hp": 35,
    "Ataque": 60,
    "Defensa": 44,
    "Ataque especial": 40,
    "Defensa Especial": 54,
    "Velocidad": 55,
    "Movimientos": [
        "bind",
        "slam",
        "headbutt",
        "body-slam",
        "wrap",
        "take-down",
        "double-edge",
        "poison-sting",
        "leer",
        "bite",
        "disable",
        "acid",
        "strength",
        "mega-drain",
        "earthquake",
        "fissure",
        "dig",
        "toxic",
        "rage",
        "mimic",
        "screech",
        "double-team",
        "haze",
        "bide",
        "skull-bash",
        "glare",
        "leech-life",
        "rest",
        "rock-slide",
        "substitute",
        "thief",
        "snore",
        "curse",
        "spite",
        "protect",
        "scary-face",
        "sludge-bomb",
        "mud-slap",
        "giga-drain",
        "endure",
        "swagger",
        "attract",
        "sleep-talk",
        "return",
        "frustration",
        "pursuit",
        "iron-tail",
        "hidden-power",
        "rain-dance",
        "sunny-day",
        "crunch",
        "beat-up",
        "stockpile",
        "spit-up",
        "swallow",
        "torment",
        "facade",
        "knock-off",
        "snatch",
        "secret-power",
        "poison-fang",
        "rock-tomb",
        "mud-shot",
        "poison-tail",
        "natural-gift",
        "payback",
        "gastro-acid",
        "sucker-punch",
        "toxic-spikes",
        "poison-jab",
        "dark-pulse",
        "aqua-tail",
        "seed-bomb",
        "switcheroo",
        "fire-fang",
        "mud-bomb",
        "gunk-shot",
        "captivate",
        "venoshock",
        "sludge-wave",
        "coil",
        "acid-spray",
        "round",
        "bulldoze",
        "snarl",
        "belch",
        "confide",
        "infestation",
        "brutal-swing",
        "psychic-fangs",
        "scale-shot",
        "skitter-smack",
        "lash-out",
        "tera-blast",
        "trailblaze"
    ]
}